-- UA graduate data seed migration.
-- Idempotent import for the canonical UA graduate dataset.

DO $$
DECLARE
    v_university_id BIGINT;
BEGIN

    INSERT INTO university (name, name_ar, acronym, country, city, latitude, longitude, campus_name, campus_type)
    SELECT 'Université Antonine', NULL, 'UA', 'Lebanon', NULL, NULL, NULL, NULL, NULL
    WHERE NOT EXISTS (SELECT 1 FROM university WHERE name = 'Université Antonine');

    SELECT id INTO v_university_id FROM university WHERE name = 'Université Antonine' ORDER BY id LIMIT 1;

    INSERT INTO degree_type (code, name) VALUES
        ('MASTER', 'Master'),
        ('PHD', 'Doctor of Philosophy'),
        ('DIPLOMA', 'Diploma'),
        ('CERTIFICATE', 'Certificate')
    ON CONFLICT (code) DO UPDATE SET name = EXCLUDED.name, updated_at = NOW();

    INSERT INTO language (name, code, native_name) VALUES
        ('English', 'en', 'English'),
        ('French', 'fr', 'Français'),
        ('Arabic', 'ar', 'العربية'),
        ('Multilingual', 'multi', 'Multilingual')
    ON CONFLICT (code) DO UPDATE SET name = EXCLUDED.name, native_name = EXCLUDED.native_name;

    CREATE TEMP TABLE ua_source_seed (source_id TEXT PRIMARY KEY, title TEXT NOT NULL, url TEXT NOT NULL, source_type TEXT NOT NULL, accessed_at DATE, notes TEXT) ON COMMIT DROP;
    INSERT INTO ua_source_seed VALUES
      ('UA001', 'Home | Antonine University', 'https://ua.edu.lb/en/home', 'webpage', '2026-07-04', 'Official UA homepage; entry point for navigation and confirmation of main sections.'),
      ('UA002', 'Graduate | Antonine University', 'https://ua.edu.lb/en/graduate', 'webpage', '2026-07-04', 'Graduate admissions hub; explicitly frames UA graduate studies as master''s-level study.'),
      ('UA003', 'Programs | Graduate | Antonine University', 'https://www.ua.edu.lb/en/graduate/programs', 'webpage', '2026-07-04', 'Primary graduate program inventory; lists faculties and graduate programs/options.'),
      ('UA004', 'Required Documents | Graduate | Antonine University', 'https://ua.edu.lb/en/graduate/required-documents', 'webpage', '2026-07-04', 'Graduate application document checklist and application/entrance exam fees.'),
      ('UA005', 'Application | Graduate | Antonine University', 'https://ua.edu.lb/en/graduate/application', 'webpage', '2026-07-04', 'Graduate application process and fees.'),
      ('UA006', 'Selection Criteria | Graduate | Antonine University', 'https://ua.edu.lb/en/graduate/selection-criteria', 'webpage', '2026-07-04', 'Faculty/program-level graduate admission requirements and selection criteria.'),
      ('UA007', 'Entrance Exams | Graduate | Antonine University', 'https://ua.edu.lb/en/graduate/entrance-exams', 'webpage', '2026-07-04', 'Graduate entrance tests/interviews by faculty/department for academic year 2025-26.'),
      ('UA008', 'Tuition Fees | Graduate | Antonine University', 'https://ua.edu.lb/en/graduate/tuition-fees', 'webpage', '2026-07-04', 'Graduate per-credit tuition summary and fixed/general fees reference.'),
      ('UA009', 'Tuition Fees Fall 2026-27', 'https://ua.edu.lb/Library/Assets/Gallery/tuition-and-general-fees-fall-2026-27.pdf', 'pdf', '2026-07-04', 'Official tuition and general fees PDF; includes graduate cycles, credits, campuses and per-credit prices.'),
      ('UA010', 'ADMISSIONS GUIDE', 'https://ua.edu.lb/Library/Assets//Gallery/Documents/admissions/ua-admissions-guide.pdf', 'pdf', '2026-07-04', 'Official admissions guide PDF; includes academic programs, admission requirements, language proficiency, tuition fees, graduate checklist, financial aid/scholarships.'),
      ('UA011', 'Antonine University Office of Orientation & Admissions Graduate Application Form', 'https://ua.edu.lb/Library/Assets/Gallery/ooa-application-form-graduate.pdf', 'pdf', '2026-07-04', 'Official graduate application form PDF; lists graduate program choices.'),
      ('UA012', 'Apply | Orientation and Admissions | Antonine University', 'https://ua.edu.lb/en/office-of-orientation-and-admissions/apply', 'webpage', '2026-07-04', 'Admissions apply page; online application instructions and forms.'),
      ('UA013', 'Academic Calendar | Antonine University', 'https://ua.edu.lb/en/academic-calendar', 'webpage', '2026-07-04', 'Academic calendar with registration, enrollment, payment, withdrawal, exams, and results dates for 2025-26.'),
      ('UA014', 'Financial Aid and Scholarships | Antonine University', 'https://www.ua.edu.lb/en/office-of-social-affairs/financial-aid-and-scholarships', 'webpage', '2026-07-04', 'Office of Social Affairs financial aid overview and payment-related assistance.'),
      ('UA015', 'Rules and Regulations | Social Affairs | Antonine University', 'https://ua.edu.lb/en/office-of-social-affairs/rules-and-regulations', 'webpage', '2026-07-04', 'States financial aid and scholarships are available only to undergraduate students.'),
      ('UA016', 'Services | Language Center | Antonine University', 'https://ua.edu.lb/en/language-center/services', 'webpage', '2026-07-04', 'Language placement tests, IELTS/DELF services and language support.'),
      ('UA017', 'Language Courses | Antonine University', 'https://ua.edu.lb/en/language-center/language-courses', 'webpage', '2026-07-04', 'Remedial English/French and other language courses; students enrolled in programs must complete remedial courses if needed.'),
      ('UA018', 'Overview | International | Antonine University', 'https://ua.edu.lb/en/international/overview', 'webpage', '2026-07-04', 'Internationalization overview and context for international partnerships/mobility.'),
      ('UA019', 'Scholarship | Antonine University', 'https://ua.edu.lb/en/international/scholarship', 'webpage', '2026-07-04', 'International scholarship opportunities including Master/PhD external scholarship calls.'),
      ('UA020', 'Mobility Opportunity | Antonine University', 'https://ua.edu.lb/en/international/mobility-opportunity', 'webpage', '2026-07-04', 'Mobility opportunities by cycle; includes Master and doctoral mobility items.'),
      ('UA021', 'International News | Antonine University', 'https://ua.edu.lb/en/international/international-news', 'webpage', '2026-07-04', 'States UA hosts international students and supports international research/learning opportunities.'),
      ('UA022', 'Research Policies | Antonine University', 'https://ua.edu.lb/en/research-policies', 'webpage', '2026-07-04', 'Research policies page; includes policy inherent to doctoral supervision and support at UA.'),
      ('UA023', 'SAFAR Scholarships 2025 | Antonine University', 'https://www.ua.edu.lb/en/international/safar-scholarships-2025', 'webpage', '2026-07-04', 'Doctoral co-supervision scholarship opportunity; evidence of doctoral cooperation context, not a UA PhD program listing.'),
      ('UA024', 'Supporting Excellence in Research | Antonine University', 'https://ua.edu.lb/en/events/supporting-excellence-in-research', 'webpage', '2026-07-04', 'Event page announcing doctoral co-supervision scholarships; out of scope for program extraction but relevant to PhD/doctoral evidence.'),
      ('UA025', 'Faculty of Engineering and Technology | Antonine University', 'https://ua.edu.lb/en/fet', 'webpage', '2026-07-04', 'Faculty page; no graduate program found in primary graduate inventory for FET.'),
      ('UA026', 'Master of Business Administration – Accounting and Auditing', 'https://ua.edu.lb/en/asb/mba-accounting-and-auditing', 'webpage', '2026-07-04', 'Representative ASB graduate program detail page; confirms a 36-credit, two-year MBA structure, English/French instruction, and business-administration eligibility.'),
      ('UA027', 'MA in Information and Communication', 'https://ua.edu.lb/en/fic/ma-in-information-and-communication', 'webpage', '2026-07-04', 'Representative FIC graduate program detail page; confirms a 36-credit, two-year MA structure with a thesis and program-specific admissions.'),
      ('UA028', 'MS in Nursing Sciences', 'https://ua.edu.lb/en/fph/dns/ms-in-nursing-sciences', 'webpage', '2026-07-04', 'Representative FPH graduate program detail page used for the Nursing Sciences master enrichment.'),
      ('UA029', 'Master of Arts in Theological Sciences and Pastoral Studies', 'https://ua.edu.lb/en/fot/ma-in-theological-sciences-and-pastoral-studies', 'webpage', '2026-07-04', 'Representative FOT graduate program detail page; confirms a 37-credit, two-year theology master with Arabic instruction and thesis requirements.'),
      ('UA030', 'Certificate of Programme Accreditation - Master of Music and Musicology', 'https://ua.edu.lb/Library/Assets/Gallery/Documents/News/certificate-fmm-master.pdf', 'pdf', '2026-07-04', 'Official PDF accreditation certificate for Master of Music and Musicology.'),
      ('UA031', 'Master of Business Administration – Marketing and International Management', 'https://ua.edu.lb/en/asb/mba-marketing-and-international-management', 'webpage', '2026-07-04', 'Official ASB graduate program page.'),
      ('UA032', 'Master of Business Administration – Banking and Finance', 'https://ua.edu.lb/en/asb/mba-banking-and-finance', 'webpage', '2026-07-04', 'Official ASB graduate program page.'),
      ('UA033', 'Master of Business Administration – Human Resource Management', 'https://ua.edu.lb/en/asb/mba-human-resource-management', 'webpage', '2026-07-04', 'Official ASB graduate program page.'),
      ('UA034', 'Master of Business Administration – Operations and Logistics Management', 'https://ua.edu.lb/en/asb/mba-operations-and-logistics-management', 'webpage', '2026-07-04', 'Official ASB graduate program page.'),
      ('UA035', 'Master of Business Administration – Digital Marketing', 'https://ua.edu.lb/en/asb/mba-digital-marketing', 'webpage', '2026-07-04', 'Official ASB graduate program page.'),
      ('UA036', 'Master of Business Administration – General Management (MBA)', 'https://ua.edu.lb/en/asb/mba', 'webpage', '2026-07-04', 'Official ASB graduate program page.'),
      ('UA038', 'Master in Music and Musicology – General Musicology of Modal Traditions', 'https://ua.edu.lb/en/fmm/master-in-music-and-musicology-general-musicology-of-modal-traditions', 'webpage', '2026-07-04', 'Official FMM graduate program page; confirms a research-oriented 36-credit, two-year master with thesis requirements and Arabic instruction.'),
      ('UA039', 'Master in Music and Musicology – Music Education', 'https://ua.edu.lb/en/fmm/master-in-music-and-musicology-music-education', 'webpage', '2026-07-04', 'Official FMM graduate program page.'),
      ('UA040', 'Master in Music and Musicology – Music Therapy', 'https://ua.edu.lb/en/fmm/master-in-music-and-musicology-music-therapy', 'webpage', '2026-07-04', 'Official FMM graduate program page.'),
      ('UA041', 'Master in Music and Musicology – Music Technology and Media', 'https://ua.edu.lb/en/fmm/master-in-music-and-musicology-music-technology-and-media', 'webpage', '2026-07-04', 'Official FMM graduate program page.'),
      ('UA042', 'Master in Music and Musicology – Art Music of the Mashriq', 'https://ua.edu.lb/en/fmm/master-in-music-and-musicology-art-music-of-the-mashriq', 'webpage', '2026-07-04', 'Official FMM graduate program page.'),
      ('UA043', 'Master in Music and Musicology – European Art Music', 'https://ua.edu.lb/en/fmm/master-in-music-and-musicology-european-art-music', 'webpage', '2026-07-04', 'Official FMM graduate program page.'),
      ('UA045', 'Master of Arts in Sport Sciences – Motricity Education and Adapted Physical Activities', 'https://ua.edu.lb/en/fss/ma-in-sport-sciences-motricity-education-and-adapted-physical-activities', 'webpage', '2026-07-04', 'Official FSS graduate program page; confirms a 36-credit, two-year research master with thesis and oral interview requirements.'),
      ('UA046', 'Master of Arts in Sport Sciences – Sports Training', 'https://ua.edu.lb/en/fss/ma-in-sport-sciences-sports-training', 'webpage', '2026-07-04', 'Official FSS graduate program page.'),
      ('UA047', 'Master of Arts in Sport Sciences – Sports Management', 'https://ua.edu.lb/en/fss/ma-in-sport-sciences-sports-management', 'webpage', '2026-07-04', 'Official FSS graduate program page.'),
      ('UA048', 'MBA in Sports Management', 'https://ua.edu.lb/en/fss/mba-in-sports-management', 'webpage', '2026-07-04', 'Official FSS graduate program page.'),
      ('UA050', 'Master of Arts in Theological Sciences and Pastoral Studies – Theology of Consecrated Life', 'https://ua.edu.lb/en/fot/ma-in-theological-sciences-and-pastoral-studies-theology-of-consecrated-life', 'webpage', '2026-07-04', 'Official FOT consecrated-life page; confirms the specialized theology master and thesis-based structure.'),
      ('UA051', 'Advanced Diploma in Dental Laboratory Technology', 'https://ua.edu.lb/en/fph/ddlt/advanced-diploma-in-dental-laboratory-technology', 'webpage', '2026-07-04', 'Official graduate-cycle diploma page.'),
      ('UA052', 'Specialized Diploma in Gerontology Nursing', 'https://ua.edu.lb/en/fph/dns/specialized-diploma-in-gerontology-nursing', 'webpage', '2026-07-04', 'Official graduate-cycle diploma page.'),
      ('UA053', 'Doctor of Physical Therapy', 'https://ua.edu.lb/en/fph/dpt/doctor-of-physical-therapy', 'webpage', '2026-07-04', 'Official graduate-cycle professional doctorate page.');

    INSERT INTO source (university_id, title, url, source_type, accessed_at)
    SELECT v_university_id, title, url, source_type, accessed_at FROM ua_source_seed
    ON CONFLICT (university_id, url) DO UPDATE SET title = EXCLUDED.title, source_type = EXCLUDED.source_type, accessed_at = EXCLUDED.accessed_at, updated_at = NOW();

    CREATE TEMP TABLE ua_faculty_seed (name TEXT PRIMARY KEY, short_name TEXT, faculty_type TEXT NOT NULL, official_url TEXT, notes TEXT) ON COMMIT DROP;
    INSERT INTO ua_faculty_seed VALUES
      ('Antonine School of Business', NULL, 'SCHOOL', NULL, 'Imported from UA graduate program data.'),
      ('Faculty of Information and Communication', NULL, 'FACULTY', NULL, 'Imported from UA graduate program data.'),
      ('Faculty of Music and Musicology', NULL, 'FACULTY', NULL, 'Imported from UA graduate program data.'),
      ('Faculty of Public Health', NULL, 'FACULTY', NULL, 'Imported from UA graduate program data.'),
      ('Faculty of Sport Sciences', NULL, 'FACULTY', NULL, 'Imported from UA graduate program data.'),
      ('Faculty of Theology', NULL, 'FACULTY', NULL, 'Imported from UA graduate program data.');

    INSERT INTO university_faculty (university_id, name, short_name, faculty_type, official_url, notes)
    SELECT v_university_id, name, short_name, faculty_type, official_url, notes FROM ua_faculty_seed
    ON CONFLICT (university_id, name) DO UPDATE SET short_name = EXCLUDED.short_name, faculty_type = EXCLUDED.faculty_type, official_url = EXCLUDED.official_url, notes = EXCLUDED.notes, updated_at = NOW();

    CREATE TEMP TABLE ua_program_seed (program_key TEXT PRIMARY KEY, faculty_name TEXT NOT NULL, major_category TEXT, major TEXT, degree_type TEXT NOT NULL, official_degree_name TEXT, thesis_or_non_thesis TEXT, credits INTEGER, duration_value NUMERIC(10, 2), duration_unit TEXT, primary_language_code TEXT, delivery_mode TEXT, program_description TEXT, official_program_url TEXT, notes TEXT, source_url TEXT NOT NULL) ON COMMIT DROP;
    INSERT INTO ua_program_seed VALUES
      ('ua-asb-master-accounting-auditing', 'Antonine School of Business', 'Business Administration', 'Accounting and Auditing', 'MASTER', 'Master of Business Administration – Accounting and Auditing', NULL, 36, 2, 'YEARS', 'Multilingual', 'ON_CAMPUS', 'MBA concentration in Accounting and Auditing focused on advanced management, functional decision-making, and applied business practice.', 'https://ua.edu.lb/en/asb/mba-accounting-and-auditing', 'Listed on the official Graduate Programs page under Antonine School of Business. Official page confirms the MBA is delivered on campus with a 36-credit, two-year structure.', 'https://ua.edu.lb/en/asb/mba-accounting-and-auditing'),
      ('ua-asb-master-marketing-international-management', 'Antonine School of Business', 'Business Administration', 'Marketing and International Management', 'MASTER', 'Master of Business Administration – Marketing and International Management', NULL, 36, 2, 'YEARS', 'Multilingual', 'ON_CAMPUS', 'MBA concentration in Marketing and International Management focused on advanced management, functional decision-making, and applied business practice.', 'https://ua.edu.lb/en/asb/mba-marketing-and-international-management', 'Listed on the official Graduate Programs page under Antonine School of Business. Official page confirms the MBA is delivered on campus with a 36-credit, two-year structure.', 'https://ua.edu.lb/en/asb/mba-marketing-and-international-management'),
      ('ua-asb-master-banking-finance', 'Antonine School of Business', 'Business Administration', 'Banking and Finance', 'MASTER', 'Master of Business Administration – Banking and Finance', NULL, 36, 2, 'YEARS', 'Multilingual', 'ON_CAMPUS', 'MBA concentration in Banking and Finance focused on advanced management, functional decision-making, and applied business practice.', 'https://ua.edu.lb/en/asb/mba-banking-and-finance', 'Listed on the official Graduate Programs page under Antonine School of Business. Official page confirms the MBA is delivered on campus with a 36-credit, two-year structure.', 'https://ua.edu.lb/en/asb/mba-banking-and-finance'),
      ('ua-asb-master-human-resource-management', 'Antonine School of Business', 'Business Administration', 'Human Resource Management', 'MASTER', 'Master of Business Administration – Human Resource Management', NULL, 36, 2, 'YEARS', 'Multilingual', 'ON_CAMPUS', 'MBA concentration in Human Resource Management focused on advanced management, functional decision-making, and applied business practice.', 'https://ua.edu.lb/en/asb/mba-human-resource-management', 'Listed on the official Graduate Programs page under Antonine School of Business. Official page confirms the MBA is delivered on campus with a 36-credit, two-year structure.', 'https://ua.edu.lb/en/asb/mba-human-resource-management'),
      ('ua-asb-master-operations-logistics-management', 'Antonine School of Business', 'Business Administration', 'Operations and Logistics Management', 'MASTER', 'Master of Business Administration – Operations and Logistics Management', NULL, 36, 2, 'YEARS', 'Multilingual', 'ON_CAMPUS', 'MBA concentration in Operations and Logistics Management focused on advanced management, functional decision-making, and applied business practice.', 'https://ua.edu.lb/en/asb/mba-operations-and-logistics-management', 'Listed on the official Graduate Programs page under Antonine School of Business. Official page confirms the MBA is delivered on campus with a 36-credit, two-year structure.', 'https://ua.edu.lb/en/asb/mba-operations-and-logistics-management'),
      ('ua-asb-master-digital-marketing', 'Antonine School of Business', 'Business Administration', 'Digital Marketing', 'MASTER', 'Master of Business Administration – Digital Marketing', NULL, 36, 2, 'YEARS', 'Multilingual', 'ON_CAMPUS', 'MBA concentration in Digital Marketing focused on advanced management, functional decision-making, and applied business practice.', 'https://ua.edu.lb/en/asb/mba-digital-marketing', 'Listed on the official Graduate Programs page under Antonine School of Business. Official page confirms the MBA is delivered on campus with a 36-credit, two-year structure.', 'https://ua.edu.lb/en/asb/mba-digital-marketing'),
      ('ua-asb-master-general-management-mba', 'Antonine School of Business', 'Business Administration', 'General Management', 'MASTER', 'Master of Business Administration – General Management (MBA) for non-business students', NULL, 36, 2, 'YEARS', 'English', 'ON_CAMPUS', 'MBA for non-business students focused on general management, leadership, and case-based business decision-making.', 'https://ua.edu.lb/en/asb/mba', 'Official page shortens the title to Master of Business Administration – General Management (MBA). Official page identifies this MBA as intended for non-business students.', 'https://ua.edu.lb/en/asb/mba'),
      ('ua-fic-master-information-communication', 'Faculty of Information and Communication', 'Information and Communication', 'Information and Communication', 'MASTER', 'Master of Arts in Information and Communication', 'THESIS', 36, 2, 'YEARS', 'French', 'ON_CAMPUS', 'Master of Arts in Information and Communication with advanced study in communication theory, media practice, and research methods.', 'https://ua.edu.lb/en/fic/ma-in-information-and-communication', 'Listed on the official Graduate Programs page under Faculty of Information and Communication. Program structure includes a thesis component.', 'https://ua.edu.lb/en/fic/ma-in-information-and-communication'),
      ('ua-fmm-master-general-musicology-modal-traditions', 'Faculty of Music and Musicology', 'Music and Musicology', 'General Musicology of Modal Traditions', 'MASTER', 'Master in Music and Musicology – General Musicology of Modal Traditions', 'THESIS', 36, 2, 'YEARS', 'Arabic', 'ON_CAMPUS', 'Research-oriented Master in Music and Musicology with concentration in General Musicology of Modal Traditions, combining advanced coursework, research training, and a thesis.', 'https://ua.edu.lb/en/fmm/master-in-music-and-musicology-general-musicology-of-modal-traditions', 'Official page states that explanations are in Arabic and documentation is available in French, English, and Arabic.', 'https://ua.edu.lb/en/fmm/master-in-music-and-musicology-general-musicology-of-modal-traditions'),
      ('ua-fmm-master-music-education', 'Faculty of Music and Musicology', 'Music and Musicology', 'Music Education', 'MASTER', 'Master in Music and Musicology – Music Education', 'THESIS', 36, 2, 'YEARS', 'Arabic', 'ON_CAMPUS', 'Research-oriented Master in Music and Musicology with concentration in Music Education, combining advanced coursework, research training, and a thesis.', 'https://ua.edu.lb/en/fmm/master-in-music-and-musicology-music-education', 'Official page states that explanations are in Arabic and documentation is available in French, English, and Arabic.', 'https://ua.edu.lb/en/fmm/master-in-music-and-musicology-music-education'),
      ('ua-fmm-master-music-therapy', 'Faculty of Music and Musicology', 'Music and Musicology', 'Music Therapy', 'MASTER', 'Master in Music and Musicology – Music Therapy', 'THESIS', 36, 2, 'YEARS', 'Arabic', 'ON_CAMPUS', 'Research-oriented Master in Music and Musicology with concentration in Music Therapy, combining advanced coursework, research training, and a thesis.', 'https://ua.edu.lb/en/fmm/master-in-music-and-musicology-music-therapy', 'Official page states that explanations are in Arabic and documentation is available in French, English, and Arabic.', 'https://ua.edu.lb/en/fmm/master-in-music-and-musicology-music-therapy'),
      ('ua-fmm-master-music-technology-media', 'Faculty of Music and Musicology', 'Music and Musicology', 'Music Technology and Media', 'MASTER', 'Master in Music and Musicology – Music Technology and Media', 'THESIS', 36, 2, 'YEARS', 'Arabic', 'ON_CAMPUS', 'Research-oriented Master in Music and Musicology with concentration in Music Technology and Media, combining advanced coursework, research training, and a thesis.', 'https://ua.edu.lb/en/fmm/master-in-music-and-musicology-music-technology-and-media', 'Official page states that explanations are in Arabic and documentation is available in French, English, and Arabic.', 'https://ua.edu.lb/en/fmm/master-in-music-and-musicology-music-technology-and-media'),
      ('ua-fmm-master-art-music-mashriq', 'Faculty of Music and Musicology', 'Music and Musicology', 'Art Music of the Mashriq', 'MASTER', 'Master in Music and Musicology – Art Music of the Mashriq', 'THESIS', 36, 2, 'YEARS', 'Arabic', 'ON_CAMPUS', 'Research-oriented Master in Music and Musicology with concentration in Art Music of the Mashriq, combining advanced coursework, research training, and a thesis.', 'https://ua.edu.lb/en/fmm/master-in-music-and-musicology-art-music-of-the-mashriq', 'Official page states that explanations are in Arabic and documentation is available in French, English, and Arabic.', 'https://ua.edu.lb/en/fmm/master-in-music-and-musicology-art-music-of-the-mashriq'),
      ('ua-fmm-master-european-art-music', 'Faculty of Music and Musicology', 'Music and Musicology', 'European Art Music', 'MASTER', 'Master in Music and Musicology – European Art Music', 'THESIS', 36, 2, 'YEARS', 'Arabic', 'ON_CAMPUS', 'Research-oriented Master in Music and Musicology with concentration in European Art Music, combining advanced coursework, research training, and a thesis.', 'https://ua.edu.lb/en/fmm/master-in-music-and-musicology-european-art-music', 'Official page states that explanations are in Arabic and documentation is available in French, English, and Arabic.', 'https://ua.edu.lb/en/fmm/master-in-music-and-musicology-european-art-music'),
      ('ua-fph-master-nursing-sciences', 'Faculty of Public Health', 'Health Sciences', 'Nursing Sciences', 'MASTER', 'Master of Science in Nursing Sciences', 'THESIS', 39, 2, 'YEARS', 'French', 'ON_CAMPUS', 'Master of Science in Nursing Sciences with advanced clinical, leadership, and research preparation.', 'https://ua.edu.lb/en/fph/dns/ms-in-nursing-sciences', 'Representative program page was used for enrichment; the program remains a per-credit graduate master.', 'https://ua.edu.lb/en/fph/dns/ms-in-nursing-sciences'),
      ('ua-fss-master-motricity-education-adapted-physical-activities', 'Faculty of Sport Sciences', 'Sport Sciences', 'Motricity Education and Adapted Physical Activities', 'MASTER', 'Master of Arts in Sport Sciences – Motricity Education and Adapted Physical Activities', 'THESIS', 36, 2, 'YEARS', 'Multilingual', 'ON_CAMPUS', 'Research master''s in sport sciences with concentration in Motricity Education and Adapted Physical Activities, oriented toward research practice and specialized professional preparation.', 'https://ua.edu.lb/en/fss/ma-in-sport-sciences-motricity-education-and-adapted-physical-activities', 'Official page presents the program as a research master with thesis and oral presentation requirements.', 'https://ua.edu.lb/en/fss/ma-in-sport-sciences-motricity-education-and-adapted-physical-activities'),
      ('ua-fss-master-sports-training', 'Faculty of Sport Sciences', 'Sport Sciences', 'Sports Training', 'MASTER', 'Master of Arts in Sport Sciences – Sports Training', 'THESIS', 36, 2, 'YEARS', 'Multilingual', 'ON_CAMPUS', 'Research master''s in sport sciences with concentration in Sports Training, oriented toward research practice and specialized professional preparation.', 'https://ua.edu.lb/en/fss/ma-in-sport-sciences-sports-training', 'Official page presents the program as a research master with thesis and oral presentation requirements.', 'https://ua.edu.lb/en/fss/ma-in-sport-sciences-sports-training'),
      ('ua-fss-master-sports-management', 'Faculty of Sport Sciences', 'Sport Sciences', 'Sports Management', 'MASTER', 'Master of Arts in Sport Sciences – Sports Management', 'THESIS', 36, 2, 'YEARS', 'Multilingual', 'ON_CAMPUS', 'Research master''s in sport sciences with concentration in Sports Management, oriented toward research practice and specialized professional preparation.', 'https://ua.edu.lb/en/fss/ma-in-sport-sciences-sports-management', 'Official page presents the program as a research master with thesis and oral presentation requirements.', 'https://ua.edu.lb/en/fss/ma-in-sport-sciences-sports-management'),
      ('ua-fss-master-mba-sports-management-esg', 'Faculty of Sport Sciences', 'Sport Sciences', 'Sports Management', 'MASTER', 'MBA in Sports Management (ESG)', 'THESIS', NULL, 2, 'YEARS', 'Multilingual', 'ON_CAMPUS', 'Professional MBA in Sports Management focused on administration, organization, and leadership in the sports sector.', 'https://ua.edu.lb/en/fss/mba-in-sports-management', 'Official page lists a flexible 18-36 credit structure and an end-of-studies thesis/oral presentation.', 'https://ua.edu.lb/en/fss/mba-in-sports-management'),
      ('ua-fot-master-theological-sciences-pastoral-studies', 'Faculty of Theology', 'Theological Sciences and Pastoral Studies', 'Theological Sciences and Pastoral Studies', 'MASTER', 'Master of Arts in Theological Sciences and Pastoral Studies', 'THESIS', 37, 2, 'YEARS', 'Arabic', 'ON_CAMPUS', 'Master of Arts in Theological Sciences and Pastoral Studies with advanced theological and pastoral formation.', 'https://ua.edu.lb/en/fot/ma-in-theological-sciences-and-pastoral-studies', 'Official page indicates a thesis-based program structure in theology and pastoral studies.', 'https://ua.edu.lb/en/fot/ma-in-theological-sciences-and-pastoral-studies'),
      ('ua-fot-master-theological-sciences-pastoral-studies-consecrated-life', 'Faculty of Theology', 'Theological Sciences and Pastoral Studies', 'Theology of Consecrated Life', 'MASTER', 'Master of Arts in Theological Sciences and Pastoral Studies – Theology of Consecrated Life', 'THESIS', 37, 2, 'YEARS', 'Arabic', 'ON_CAMPUS', 'Specialized theology master focused on consecrated life within the broader theological and pastoral studies cycle.', 'https://ua.edu.lb/en/fot/ma-in-theological-sciences-and-pastoral-studies-theology-of-consecrated-life', 'Official page highlights formation for consecrated life and an end-of-studies thesis requirement.', 'https://ua.edu.lb/en/fot/ma-in-theological-sciences-and-pastoral-studies-theology-of-consecrated-life');

    INSERT INTO graduate_program (university_id, faculty_id, department_id, degree_type_id, program_key, major_category, major, official_degree_name, thesis_or_non_thesis, credits, duration_value, duration_unit, primary_language_id, delivery_mode, program_description, official_program_url, source_id, notes)
    SELECT v_university_id, f.id, NULL, dt.id, p.program_key, p.major_category, p.major, p.official_degree_name, p.thesis_or_non_thesis, p.credits, p.duration_value, p.duration_unit, l.id, p.delivery_mode, p.program_description, p.official_program_url, s.id, p.notes
    FROM ua_program_seed p
    JOIN university_faculty f ON f.university_id = v_university_id AND f.name = p.faculty_name
    LEFT JOIN degree_type dt ON dt.code = p.degree_type
    LEFT JOIN language l ON l.code = p.primary_language_code
    JOIN source s ON s.university_id = v_university_id AND s.url = p.source_url
    ON CONFLICT (university_id, program_key) DO UPDATE SET faculty_id = EXCLUDED.faculty_id, department_id = EXCLUDED.department_id, degree_type_id = EXCLUDED.degree_type_id, major_category = EXCLUDED.major_category, major = EXCLUDED.major, official_degree_name = EXCLUDED.official_degree_name, thesis_or_non_thesis = EXCLUDED.thesis_or_non_thesis, credits = EXCLUDED.credits, duration_value = EXCLUDED.duration_value, duration_unit = EXCLUDED.duration_unit, primary_language_id = EXCLUDED.primary_language_id, delivery_mode = EXCLUDED.delivery_mode, program_description = EXCLUDED.program_description, official_program_url = EXCLUDED.official_program_url, source_id = EXCLUDED.source_id, notes = EXCLUDED.notes, updated_at = NOW();

    CREATE TEMP TABLE ua_tuition_seed (program_key TEXT PRIMARY KEY, faculty_name TEXT NOT NULL, source_url TEXT NOT NULL, academic_year TEXT, currency TEXT, billing_basis TEXT, amount NUMERIC(12, 2), category TEXT, notes TEXT) ON COMMIT DROP;
    INSERT INTO ua_tuition_seed VALUES
      ('ua-asb-master-accounting-auditing', 'Antonine School of Business', 'https://ua.edu.lb/en/graduate/tuition-fees', '2026-2027', 'USD', 'PER_CREDIT', 230, 'Graduate Tuition', 'Official page shows $230 Price / Credit $230.'),
      ('ua-asb-master-marketing-international-management', 'Antonine School of Business', 'https://ua.edu.lb/en/graduate/tuition-fees', '2026-2027', 'USD', 'PER_CREDIT', 230, 'Graduate Tuition', 'ASB MBA tuition uses the same published $230 credit price.'),
      ('ua-asb-master-banking-finance', 'Antonine School of Business', 'https://ua.edu.lb/en/graduate/tuition-fees', '2026-2027', 'USD', 'PER_CREDIT', 230, 'Graduate Tuition', 'ASB MBA tuition uses the same published $230 credit price.'),
      ('ua-asb-master-human-resource-management', 'Antonine School of Business', 'https://ua.edu.lb/en/graduate/tuition-fees', '2026-2027', 'USD', 'PER_CREDIT', 230, 'Graduate Tuition', 'ASB MBA tuition uses the same published $230 credit price.'),
      ('ua-asb-master-operations-logistics-management', 'Antonine School of Business', 'https://ua.edu.lb/en/graduate/tuition-fees', '2026-2027', 'USD', 'PER_CREDIT', 230, 'Graduate Tuition', 'ASB MBA tuition uses the same published $230 credit price.'),
      ('ua-asb-master-digital-marketing', 'Antonine School of Business', 'https://ua.edu.lb/en/graduate/tuition-fees', '2026-2027', 'USD', 'PER_CREDIT', 230, 'Graduate Tuition', 'ASB MBA tuition uses the same published $230 credit price.'),
      ('ua-asb-master-general-management-mba', 'Antonine School of Business', 'https://ua.edu.lb/en/graduate/tuition-fees', '2026-2027', 'USD', 'PER_CREDIT', 230, 'Graduate Tuition', 'ASB MBA tuition uses the same published $230 credit price.'),
      ('ua-fic-master-information-communication', 'Faculty of Information and Communication', 'https://ua.edu.lb/en/graduate/tuition-fees', '2026-2027', 'USD', 'PER_CREDIT', 215, 'Graduate Tuition', 'Official page shows $215 Price / Credit $215.'),
      ('ua-fmm-master-general-musicology-modal-traditions', 'Faculty of Music and Musicology', 'https://ua.edu.lb/Library/Assets/Gallery/tuition-and-general-fees-fall-2026-27.pdf', '2026-2027', 'USD', 'PER_CREDIT', 200, 'Graduate Tuition', 'Official page shows Price/Credit collective course $200 and individual course $245.'),
      ('ua-fmm-master-music-education', 'Faculty of Music and Musicology', 'https://ua.edu.lb/Library/Assets/Gallery/tuition-and-general-fees-fall-2026-27.pdf', '2026-2027', 'USD', 'PER_CREDIT', 200, 'Graduate Tuition', 'Official page shows Price/Credit collective course $200 and individual course $245.'),
      ('ua-fmm-master-music-therapy', 'Faculty of Music and Musicology', 'https://ua.edu.lb/Library/Assets/Gallery/tuition-and-general-fees-fall-2026-27.pdf', '2026-2027', 'USD', 'PER_CREDIT', 200, 'Graduate Tuition', 'Official page shows Price/Credit collective course $200 and individual course $245.'),
      ('ua-fmm-master-music-technology-media', 'Faculty of Music and Musicology', 'https://ua.edu.lb/Library/Assets/Gallery/tuition-and-general-fees-fall-2026-27.pdf', '2026-2027', 'USD', 'PER_CREDIT', 200, 'Graduate Tuition', 'Official page shows Price/Credit collective course $200 and individual course $245.'),
      ('ua-fmm-master-art-music-mashriq', 'Faculty of Music and Musicology', 'https://ua.edu.lb/Library/Assets/Gallery/tuition-and-general-fees-fall-2026-27.pdf', '2026-2027', 'USD', 'PER_CREDIT', 200, 'Graduate Tuition', 'Official page shows Price/Credit collective course $200 and individual course $245.'),
      ('ua-fmm-master-european-art-music', 'Faculty of Music and Musicology', 'https://ua.edu.lb/Library/Assets/Gallery/tuition-and-general-fees-fall-2026-27.pdf', '2026-2027', 'USD', 'PER_CREDIT', 200, 'Graduate Tuition', 'Official page shows Price/Credit collective course $200 and individual course $245.'),
      ('ua-fph-master-nursing-sciences', 'Faculty of Public Health', 'https://ua.edu.lb/en/graduate/tuition-fees', '2026-2027', 'USD', 'PER_CREDIT', 235, 'Graduate Tuition', 'Official page shows $235 Price / Credit $235.'),
      ('ua-fss-master-motricity-education-adapted-physical-activities', 'Faculty of Sport Sciences', 'https://ua.edu.lb/en/graduate/tuition-fees', '2026-2027', 'USD', 'PER_CREDIT', 265, 'Graduate Tuition', 'Official page shows $265 Price / Credit $265.'),
      ('ua-fss-master-sports-training', 'Faculty of Sport Sciences', 'https://ua.edu.lb/en/graduate/tuition-fees', '2026-2027', 'USD', 'PER_CREDIT', 265, 'Graduate Tuition', 'Official page shows $265 Price / Credit $265.'),
      ('ua-fss-master-sports-management', 'Faculty of Sport Sciences', 'https://ua.edu.lb/en/graduate/tuition-fees', '2026-2027', 'USD', 'PER_CREDIT', 265, 'Graduate Tuition', 'Official page shows $265 Price / Credit $265.'),
      ('ua-fss-master-mba-sports-management-esg', 'Faculty of Sport Sciences', 'https://ua.edu.lb/en/graduate/tuition-fees', '2026-2027', 'USD', 'PER_CREDIT', 265, 'Graduate Tuition', 'Official page shows $265 Price / Credit $265.');

    INSERT INTO graduate_tuition_rate (university_id, faculty_id, department_id, program_id, scope_level, record_key, academic_year, currency, billing_basis, amount, category, notes, source_id)
    SELECT v_university_id, f.id, NULL, gp.id, 'PROGRAM', CONCAT('ua-tuition-', t.program_key), t.academic_year, t.currency, t.billing_basis, t.amount, t.category, t.notes, s.id
    FROM ua_tuition_seed t
    JOIN graduate_program gp ON gp.university_id = v_university_id AND gp.program_key = t.program_key
    JOIN university_faculty f ON f.university_id = v_university_id AND f.name = t.faculty_name
    JOIN source s ON s.university_id = v_university_id AND s.url = t.source_url
    ON CONFLICT (university_id, record_key) DO UPDATE SET faculty_id = EXCLUDED.faculty_id, department_id = EXCLUDED.department_id, program_id = EXCLUDED.program_id, scope_level = EXCLUDED.scope_level, academic_year = EXCLUDED.academic_year, currency = EXCLUDED.currency, billing_basis = EXCLUDED.billing_basis, amount = EXCLUDED.amount, category = EXCLUDED.category, notes = EXCLUDED.notes, source_id = EXCLUDED.source_id, updated_at = NOW();

    CREATE TEMP TABLE ua_fee_seed (record_key TEXT PRIMARY KEY, fee_name TEXT NOT NULL, source_url TEXT NOT NULL, academic_year TEXT, billing_basis TEXT NOT NULL, currency TEXT NOT NULL, amount NUMERIC(12, 2), category TEXT, notes TEXT) ON COMMIT DROP;
    INSERT INTO ua_fee_seed VALUES
      ('ua-fee-application', 'Graduate Application Fee', 'https://ua.edu.lb/en/graduate/required-documents', '2026-2027', 'PER_APPLICATION', 'USD', 70, 'University Graduate Fees', 'Graduate application fee published on the application and required-documents pages and echoed in the fee PDF.'),
      ('ua-fee-entrance-exam', 'Graduate Entrance Exam Fee', 'https://ua.edu.lb/en/graduate/required-documents', '2026-2027', 'PER_APPLICATION', 'USD', 50, 'University Graduate Fees', 'Graduate entrance exam fee published on the graduate admissions pages and fee PDF.'),
      ('ua-fee-registration', 'Graduate Registration Fee', 'https://ua.edu.lb/Library/Assets/Gallery/tuition-and-general-fees-fall-2026-27.pdf', '2026-2027', 'FLAT_FEE', 'USD', NULL, 'University Graduate Fees', 'The fee sheet lists fixed registration fees, but the OCR extraction did not expose a single universal graduate registration amount.'),
      ('ua-fee-student-id-card', 'UA Smart Student ID Card Fee', 'https://ua.edu.lb/Library/Assets/Gallery/tuition-and-general-fees-fall-2026-27.pdf', '2026-2027', 'FLAT_FEE', 'USD', 15, 'University Graduate Fees', 'UA Smart Student ID Card fee published in the fee sheet.'),
      ('ua-fee-insurance', 'Graduate Insurance Fee', 'https://ua.edu.lb/Library/Assets/Gallery/tuition-and-general-fees-fall-2026-27.pdf', '2026-2027', 'FLAT_FEE', 'USD', NULL, 'University Graduate Fees', 'Individual accident insurance / NSSF-related fee appears in the fee sheet, but the extracted text is not clean enough to model a single universal amount confidently.');

    INSERT INTO graduate_fee_item (university_id, faculty_id, department_id, program_id, scope_level, record_key, academic_year, fee_name, billing_basis, currency, amount, category, notes, source_id)
    SELECT v_university_id, NULL, NULL, NULL, 'UNIVERSITY', f.record_key, f.academic_year, f.fee_name, f.billing_basis, f.currency, f.amount, f.category, f.notes, s.id
    FROM ua_fee_seed f
    JOIN source s ON s.university_id = v_university_id AND s.url = f.source_url
    ON CONFLICT (university_id, record_key) DO UPDATE SET academic_year = EXCLUDED.academic_year, fee_name = EXCLUDED.fee_name, billing_basis = EXCLUDED.billing_basis, currency = EXCLUDED.currency, amount = EXCLUDED.amount, category = EXCLUDED.category, notes = EXCLUDED.notes, source_id = EXCLUDED.source_id, updated_at = NOW();

    CREATE TEMP TABLE ua_admission_seed (record_key TEXT PRIMARY KEY, program_key TEXT, faculty_name TEXT, scope_level TEXT NOT NULL, requirement_type TEXT NOT NULL, requirement_text TEXT NOT NULL, comparison_operator TEXT, threshold_value NUMERIC(12, 2), threshold_unit TEXT, is_required BOOLEAN NOT NULL, notes TEXT, source_url TEXT NOT NULL) ON COMMIT DROP;
    INSERT INTO ua_admission_seed VALUES
      ('ua-adm-university-general', NULL, NULL, 'UNIVERSITY', 'GENERAL', 'Graduate applicants apply through the Office of Orientation and Admissions, submit the required file to the relevant faculty, meet faculty-specific admission criteria, and complete any interview/entrance-exam steps required by the program.', NULL, NULL, NULL, TRUE, NULL, 'https://ua.edu.lb/en/graduate/application'),
      ('ua-adm-program-ua-asb-master-accounting-auditing', 'ua-asb-master-accounting-auditing', 'Antonine School of Business', 'PROGRAM', 'GENERAL', 'Bachelor''s degree in business administration from a recognized university.', NULL, NULL, NULL, TRUE, NULL, 'https://ua.edu.lb/en/asb/mba-accounting-and-auditing'),
      ('ua-adm-program-ua-asb-master-marketing-international-management', 'ua-asb-master-marketing-international-management', 'Antonine School of Business', 'PROGRAM', 'GENERAL', 'Bachelor''s degree in business administration from a recognized university.', NULL, NULL, NULL, TRUE, NULL, 'https://ua.edu.lb/en/asb/mba-marketing-and-international-management'),
      ('ua-adm-program-ua-asb-master-banking-finance', 'ua-asb-master-banking-finance', 'Antonine School of Business', 'PROGRAM', 'GENERAL', 'Bachelor''s degree in business administration from a recognized university.', NULL, NULL, NULL, TRUE, NULL, 'https://ua.edu.lb/en/asb/mba-banking-and-finance'),
      ('ua-adm-program-ua-asb-master-human-resource-management', 'ua-asb-master-human-resource-management', 'Antonine School of Business', 'PROGRAM', 'GENERAL', 'Bachelor''s degree in business administration from a recognized university.', NULL, NULL, NULL, TRUE, NULL, 'https://ua.edu.lb/en/asb/mba-human-resource-management'),
      ('ua-adm-program-ua-asb-master-operations-logistics-management', 'ua-asb-master-operations-logistics-management', 'Antonine School of Business', 'PROGRAM', 'GENERAL', 'Bachelor''s degree in business administration from a recognized university.', NULL, NULL, NULL, TRUE, NULL, 'https://ua.edu.lb/en/asb/mba-operations-and-logistics-management'),
      ('ua-adm-program-ua-asb-master-digital-marketing', 'ua-asb-master-digital-marketing', 'Antonine School of Business', 'PROGRAM', 'GENERAL', 'Bachelor''s degree in business administration from a recognized university.', NULL, NULL, NULL, TRUE, NULL, 'https://ua.edu.lb/en/asb/mba-digital-marketing'),
      ('ua-adm-program-ua-asb-master-general-management-mba', 'ua-asb-master-general-management-mba', 'Antonine School of Business', 'PROGRAM', 'GENERAL', 'Bachelor''s degree from a recognized university; MBA Entrance Exam required unless the applicant has a GMAT score above 500; letter of intent, two recommendation letters, CV, and certified bachelor''s transcripts.', NULL, NULL, NULL, TRUE, NULL, 'https://ua.edu.lb/en/asb/mba'),
      ('ua-adm-program-ua-asb-master-general-management-mba-gmat', 'ua-asb-master-general-management-mba', 'Antonine School of Business', 'PROGRAM', 'GMAT', 'GMAT score above 500 exempts the applicant from the MBA Entrance Exam.', '>', 500, 'SCORE', TRUE, NULL, 'https://ua.edu.lb/en/graduate/selection-criteria'),
      ('ua-adm-program-ua-fic-master-information-communication', 'ua-fic-master-information-communication', 'Faculty of Information and Communication', 'PROGRAM', 'GENERAL', 'Bachelor''s degree in journalism and communication, social sciences, humanities, graphic design, or advertising.', NULL, NULL, NULL, TRUE, NULL, 'https://ua.edu.lb/en/fic/ma-in-information-and-communication'),
      ('ua-adm-program-ua-fmm-master-general-musicology-modal-traditions', 'ua-fmm-master-general-musicology-modal-traditions', 'Faculty of Music and Musicology', 'PROGRAM', 'GENERAL', 'Bachelor''s degree in Music and Musicology in the same concentration or a related option; remedial courses may be required; oral interview with the Dean.', NULL, NULL, NULL, TRUE, NULL, 'https://ua.edu.lb/en/fmm/master-in-music-and-musicology-general-musicology-of-modal-traditions'),
      ('ua-adm-program-ua-fmm-master-general-musicology-modal-traditions-interview', 'ua-fmm-master-general-musicology-modal-traditions', 'Faculty of Music and Musicology', 'PROGRAM', 'INTERVIEW', 'Required.', NULL, NULL, NULL, TRUE, NULL, 'https://ua.edu.lb/en/fmm/master-in-music-and-musicology-general-musicology-of-modal-traditions'),
      ('ua-adm-program-ua-fmm-master-music-education', 'ua-fmm-master-music-education', 'Faculty of Music and Musicology', 'PROGRAM', 'GENERAL', 'Bachelor''s degree in Music and Musicology in the same concentration or a related option; remedial courses may be required; oral interview with the Dean.', NULL, NULL, NULL, TRUE, NULL, 'https://ua.edu.lb/en/fmm/master-in-music-and-musicology-music-education'),
      ('ua-adm-program-ua-fmm-master-music-education-interview', 'ua-fmm-master-music-education', 'Faculty of Music and Musicology', 'PROGRAM', 'INTERVIEW', 'Required.', NULL, NULL, NULL, TRUE, NULL, 'https://ua.edu.lb/en/fmm/master-in-music-and-musicology-music-education'),
      ('ua-adm-program-ua-fmm-master-music-therapy', 'ua-fmm-master-music-therapy', 'Faculty of Music and Musicology', 'PROGRAM', 'GENERAL', 'Bachelor''s degree in Music and Musicology in the same concentration or a related option; remedial courses may be required; oral interview with the Dean.', NULL, NULL, NULL, TRUE, NULL, 'https://ua.edu.lb/en/fmm/master-in-music-and-musicology-music-therapy'),
      ('ua-adm-program-ua-fmm-master-music-therapy-interview', 'ua-fmm-master-music-therapy', 'Faculty of Music and Musicology', 'PROGRAM', 'INTERVIEW', 'Required.', NULL, NULL, NULL, TRUE, NULL, 'https://ua.edu.lb/en/fmm/master-in-music-and-musicology-music-therapy'),
      ('ua-adm-program-ua-fmm-master-music-technology-media', 'ua-fmm-master-music-technology-media', 'Faculty of Music and Musicology', 'PROGRAM', 'GENERAL', 'Bachelor''s degree in Music and Musicology in the same concentration or a related option; remedial courses may be required; oral interview with the Dean.', NULL, NULL, NULL, TRUE, NULL, 'https://ua.edu.lb/en/fmm/master-in-music-and-musicology-music-technology-and-media'),
      ('ua-adm-program-ua-fmm-master-music-technology-media-interview', 'ua-fmm-master-music-technology-media', 'Faculty of Music and Musicology', 'PROGRAM', 'INTERVIEW', 'Required.', NULL, NULL, NULL, TRUE, NULL, 'https://ua.edu.lb/en/fmm/master-in-music-and-musicology-music-technology-and-media'),
      ('ua-adm-program-ua-fmm-master-art-music-mashriq', 'ua-fmm-master-art-music-mashriq', 'Faculty of Music and Musicology', 'PROGRAM', 'GENERAL', 'Bachelor''s degree in Music and Musicology in the same concentration or a related option; remedial courses may be required; oral interview with the Dean.', NULL, NULL, NULL, TRUE, NULL, 'https://ua.edu.lb/en/fmm/master-in-music-and-musicology-art-music-of-the-mashriq'),
      ('ua-adm-program-ua-fmm-master-art-music-mashriq-interview', 'ua-fmm-master-art-music-mashriq', 'Faculty of Music and Musicology', 'PROGRAM', 'INTERVIEW', 'Required.', NULL, NULL, NULL, TRUE, NULL, 'https://ua.edu.lb/en/fmm/master-in-music-and-musicology-art-music-of-the-mashriq'),
      ('ua-adm-program-ua-fmm-master-european-art-music', 'ua-fmm-master-european-art-music', 'Faculty of Music and Musicology', 'PROGRAM', 'GENERAL', 'Bachelor''s degree in Music and Musicology in the same concentration or a related option; remedial courses may be required; oral interview with the Dean.', NULL, NULL, NULL, TRUE, NULL, 'https://ua.edu.lb/en/fmm/master-in-music-and-musicology-european-art-music'),
      ('ua-adm-program-ua-fmm-master-european-art-music-interview', 'ua-fmm-master-european-art-music', 'Faculty of Music and Musicology', 'PROGRAM', 'INTERVIEW', 'Required.', NULL, NULL, NULL, TRUE, NULL, 'https://ua.edu.lb/en/fmm/master-in-music-and-musicology-european-art-music'),
      ('ua-adm-program-ua-fph-master-nursing-sciences', 'ua-fph-master-nursing-sciences', 'Faculty of Public Health', 'PROGRAM', 'GENERAL', 'Bachelor''s degree in nursing sciences or equivalent; oral interview.', NULL, NULL, NULL, TRUE, NULL, 'https://ua.edu.lb/en/fph/dns/ms-in-nursing-sciences'),
      ('ua-adm-program-ua-fph-master-nursing-sciences-interview', 'ua-fph-master-nursing-sciences', 'Faculty of Public Health', 'PROGRAM', 'INTERVIEW', 'Required.', NULL, NULL, NULL, TRUE, NULL, 'https://ua.edu.lb/en/fph/dns/ms-in-nursing-sciences'),
      ('ua-adm-program-ua-fss-master-motricity-education-adapted-physical-activities', 'ua-fss-master-motricity-education-adapted-physical-activities', 'Faculty of Sport Sciences', 'PROGRAM', 'GENERAL', 'Bachelor of Arts in Physical Education and Sport or equivalent; DELF B2 and English B1.2; oral interview with the Dean.', NULL, NULL, NULL, TRUE, NULL, 'https://ua.edu.lb/en/fss/ma-in-sport-sciences-motricity-education-and-adapted-physical-activities'),
      ('ua-adm-program-ua-fss-master-motricity-education-adapted-physical-activities-interview', 'ua-fss-master-motricity-education-adapted-physical-activities', 'Faculty of Sport Sciences', 'PROGRAM', 'INTERVIEW', 'Required.', NULL, NULL, NULL, TRUE, NULL, 'https://ua.edu.lb/en/fss/ma-in-sport-sciences-motricity-education-and-adapted-physical-activities'),
      ('ua-adm-program-ua-fss-master-sports-training', 'ua-fss-master-sports-training', 'Faculty of Sport Sciences', 'PROGRAM', 'GENERAL', 'Bachelor of Arts in Physical Education and Sport or equivalent; DELF B2 and English B1.2; oral interview with the Dean.', NULL, NULL, NULL, TRUE, NULL, 'https://ua.edu.lb/en/fss/ma-in-sport-sciences-sports-training'),
      ('ua-adm-program-ua-fss-master-sports-training-interview', 'ua-fss-master-sports-training', 'Faculty of Sport Sciences', 'PROGRAM', 'INTERVIEW', 'Required.', NULL, NULL, NULL, TRUE, NULL, 'https://ua.edu.lb/en/fss/ma-in-sport-sciences-sports-training'),
      ('ua-adm-program-ua-fss-master-sports-management', 'ua-fss-master-sports-management', 'Faculty of Sport Sciences', 'PROGRAM', 'GENERAL', 'Bachelor of Arts in Physical Education and Sport or equivalent; DELF B2 and English B1.2; oral interview with the Dean.', NULL, NULL, NULL, TRUE, NULL, 'https://ua.edu.lb/en/fss/ma-in-sport-sciences-sports-management'),
      ('ua-adm-program-ua-fss-master-sports-management-interview', 'ua-fss-master-sports-management', 'Faculty of Sport Sciences', 'PROGRAM', 'INTERVIEW', 'Required.', NULL, NULL, NULL, TRUE, NULL, 'https://ua.edu.lb/en/fss/ma-in-sport-sciences-sports-management'),
      ('ua-adm-program-ua-fss-master-mba-sports-management-esg', 'ua-fss-master-mba-sports-management-esg', 'Faculty of Sport Sciences', 'PROGRAM', 'GENERAL', 'Bachelor of Arts in Physical Education and Sport or a master''s degree in the same field; oral interview with the Dean.', NULL, NULL, NULL, TRUE, NULL, 'https://ua.edu.lb/en/fss/mba-in-sports-management'),
      ('ua-adm-program-ua-fss-master-mba-sports-management-esg-interview', 'ua-fss-master-mba-sports-management-esg', 'Faculty of Sport Sciences', 'PROGRAM', 'INTERVIEW', 'Required.', NULL, NULL, NULL, TRUE, NULL, 'https://ua.edu.lb/en/fss/mba-in-sports-management'),
      ('ua-adm-program-ua-fot-master-theological-sciences-pastoral-studies', 'ua-fot-master-theological-sciences-pastoral-studies', 'Faculty of Theology', 'PROGRAM', 'GENERAL', 'Bachelor''s degree in Theological Sciences and Pastoral Studies or equivalent.', NULL, NULL, NULL, TRUE, NULL, 'https://ua.edu.lb/en/fot/ma-in-theological-sciences-and-pastoral-studies'),
      ('ua-adm-program-ua-fot-master-theological-sciences-pastoral-studies-consecrated-life', 'ua-fot-master-theological-sciences-pastoral-studies-consecrated-life', 'Faculty of Theology', 'PROGRAM', 'GENERAL', 'Seminarians, religious, and consecrated persons with a Bachelor in Theological Sciences and Pastoral Studies or equivalent.', NULL, NULL, NULL, TRUE, NULL, 'https://ua.edu.lb/en/fot/ma-in-theological-sciences-and-pastoral-studies-theology-of-consecrated-life');

    INSERT INTO graduate_admission_requirement (university_id, faculty_id, department_id, program_id, scope_level, record_key, requirement_type, requirement_text, comparison_operator, threshold_value, threshold_unit, is_required, notes, source_id)
    SELECT v_university_id, CASE WHEN a.faculty_name IS NULL THEN NULL ELSE f.id END, NULL, CASE WHEN a.program_key IS NULL THEN NULL ELSE gp.id END, a.scope_level, a.record_key, a.requirement_type, a.requirement_text, a.comparison_operator, a.threshold_value, a.threshold_unit, a.is_required, a.notes, s.id
    FROM ua_admission_seed a
    LEFT JOIN university_faculty f ON f.university_id = v_university_id AND f.name = a.faculty_name
    LEFT JOIN graduate_program gp ON gp.university_id = v_university_id AND gp.program_key = a.program_key
    JOIN source s ON s.university_id = v_university_id AND s.url = a.source_url
    ON CONFLICT (university_id, record_key) DO UPDATE SET faculty_id = EXCLUDED.faculty_id, department_id = EXCLUDED.department_id, program_id = EXCLUDED.program_id, scope_level = EXCLUDED.scope_level, requirement_type = EXCLUDED.requirement_type, requirement_text = EXCLUDED.requirement_text, comparison_operator = EXCLUDED.comparison_operator, threshold_value = EXCLUDED.threshold_value, threshold_unit = EXCLUDED.threshold_unit, is_required = EXCLUDED.is_required, notes = EXCLUDED.notes, source_id = EXCLUDED.source_id, updated_at = NOW();

    CREATE TEMP TABLE ua_document_seed (record_key TEXT PRIMARY KEY, document_type TEXT NOT NULL, document_name TEXT NOT NULL, sort_order INTEGER, notes TEXT, source_url TEXT NOT NULL) ON COMMIT DROP;
    INSERT INTO ua_document_seed VALUES
      ('ua-doc-01', 'PHOTO', 'Passport-size photos', 1, 'UA publishes a general graduate checklist plus program-specific or transfer-related documents where applicable.', 'https://ua.edu.lb/en/graduate/required-documents'),
      ('ua-doc-02', 'CIVIL_STATUS', 'Civil-status / ID copy for Lebanese students', 2, 'UA publishes a general graduate checklist plus program-specific or transfer-related documents where applicable.', 'https://ua.edu.lb/en/graduate/required-documents'),
      ('ua-doc-03', 'PASSPORT', 'Passport copy for foreign students', 3, 'UA publishes a general graduate checklist plus program-specific or transfer-related documents where applicable.', 'https://ua.edu.lb/en/graduate/required-documents'),
      ('ua-doc-04', 'ACADEMIC', 'Lebanese Baccalaureate or equivalent certified by MEHE', 4, 'UA publishes a general graduate checklist plus program-specific or transfer-related documents where applicable.', 'https://ua.edu.lb/en/graduate/required-documents'),
      ('ua-doc-05', 'ACADEMIC', 'Bachelor degree or equivalent certified by MEHE', 5, 'UA publishes a general graduate checklist plus program-specific or transfer-related documents where applicable.', 'https://ua.edu.lb/en/graduate/required-documents'),
      ('ua-doc-06', 'TRANSFER', 'Transfer records and course descriptions when applicable', 6, 'UA publishes a general graduate checklist plus program-specific or transfer-related documents where applicable.', 'https://ua.edu.lb/en/graduate/required-documents'),
      ('ua-doc-07', 'CIVIL_STATUS', 'Family status record or equivalent civil document where required', 7, 'UA publishes a general graduate checklist plus program-specific or transfer-related documents where applicable.', 'https://ua.edu.lb/en/graduate/required-documents');

    INSERT INTO graduate_required_document (university_id, faculty_id, department_id, program_id, scope_level, record_key, document_type, document_name, is_optional, sort_order, notes, source_id)
    SELECT v_university_id, NULL, NULL, NULL, 'UNIVERSITY', d.record_key, d.document_type, d.document_name, FALSE, d.sort_order, d.notes, s.id
    FROM ua_document_seed d
    JOIN source s ON s.university_id = v_university_id AND s.url = d.source_url
    ON CONFLICT (university_id, record_key) DO UPDATE SET document_type = EXCLUDED.document_type, document_name = EXCLUDED.document_name, is_optional = EXCLUDED.is_optional, sort_order = EXCLUDED.sort_order, notes = EXCLUDED.notes, source_id = EXCLUDED.source_id, updated_at = NOW();

    CREATE TEMP TABLE ua_deadline_seed (record_key TEXT PRIMARY KEY, academic_year TEXT, deadline_type TEXT NOT NULL, term TEXT, deadline_date DATE, note TEXT, source_url TEXT NOT NULL) ON COMMIT DROP;
    INSERT INTO ua_deadline_seed VALUES
      ('ua-deadline-academic-calendar-2026-2027', '2026-2027', 'OTHER', 'Graduate Calendar', NULL, 'UA publishes an official academic calendar with registration, enrollment, payment, withdrawal, exams, and results dates.', 'https://ua.edu.lb/en/academic-calendar');

    INSERT INTO graduate_admission_deadline (university_id, faculty_id, department_id, program_id, scope_level, record_key, academic_year, deadline_type, term, deadline_date, note, source_id)
    SELECT v_university_id, NULL, NULL, NULL, 'UNIVERSITY', d.record_key, d.academic_year, d.deadline_type, d.term, d.deadline_date, d.note, s.id
    FROM ua_deadline_seed d
    JOIN source s ON s.university_id = v_university_id AND s.url = d.source_url
    ON CONFLICT (university_id, record_key) DO UPDATE SET academic_year = EXCLUDED.academic_year, deadline_type = EXCLUDED.deadline_type, term = EXCLUDED.term, deadline_date = EXCLUDED.deadline_date, note = EXCLUDED.note, source_id = EXCLUDED.source_id, updated_at = NOW();

    CREATE TEMP TABLE ua_accreditation_seed (record_key TEXT PRIMARY KEY, program_key TEXT, faculty_name TEXT NOT NULL, name TEXT NOT NULL, authority TEXT, status TEXT, valid_from DATE, valid_until DATE, notes TEXT, source_url TEXT NOT NULL) ON COMMIT DROP;
    INSERT INTO ua_accreditation_seed VALUES
      ('ua-accred-ua-fmm-master-general-musicology-modal-traditions', 'ua-fmm-master-general-musicology-modal-traditions', 'Faculty of Music and Musicology', 'Master of Music and Musicology Accreditation', 'Antonine University', 'ACCREDITED', NULL, NULL, 'Official PDF accreditation certificate for Master of Music and Musicology.', 'https://ua.edu.lb/Library/Assets/Gallery/Documents/News/certificate-fmm-master.pdf'),
      ('ua-accred-ua-fmm-master-music-education', 'ua-fmm-master-music-education', 'Faculty of Music and Musicology', 'Master of Music and Musicology Accreditation', 'Antonine University', 'ACCREDITED', NULL, NULL, 'Official PDF accreditation certificate for Master of Music and Musicology.', 'https://ua.edu.lb/Library/Assets/Gallery/Documents/News/certificate-fmm-master.pdf'),
      ('ua-accred-ua-fmm-master-music-therapy', 'ua-fmm-master-music-therapy', 'Faculty of Music and Musicology', 'Master of Music and Musicology Accreditation', 'Antonine University', 'ACCREDITED', NULL, NULL, 'Official PDF accreditation certificate for Master of Music and Musicology.', 'https://ua.edu.lb/Library/Assets/Gallery/Documents/News/certificate-fmm-master.pdf'),
      ('ua-accred-ua-fmm-master-music-technology-media', 'ua-fmm-master-music-technology-media', 'Faculty of Music and Musicology', 'Master of Music and Musicology Accreditation', 'Antonine University', 'ACCREDITED', NULL, NULL, 'Official PDF accreditation certificate for Master of Music and Musicology.', 'https://ua.edu.lb/Library/Assets/Gallery/Documents/News/certificate-fmm-master.pdf'),
      ('ua-accred-ua-fmm-master-art-music-mashriq', 'ua-fmm-master-art-music-mashriq', 'Faculty of Music and Musicology', 'Master of Music and Musicology Accreditation', 'Antonine University', 'ACCREDITED', NULL, NULL, 'Official PDF accreditation certificate for Master of Music and Musicology.', 'https://ua.edu.lb/Library/Assets/Gallery/Documents/News/certificate-fmm-master.pdf'),
      ('ua-accred-ua-fmm-master-european-art-music', 'ua-fmm-master-european-art-music', 'Faculty of Music and Musicology', 'Master of Music and Musicology Accreditation', 'Antonine University', 'ACCREDITED', NULL, NULL, 'Official PDF accreditation certificate for Master of Music and Musicology.', 'https://ua.edu.lb/Library/Assets/Gallery/Documents/News/certificate-fmm-master.pdf');

    INSERT INTO graduate_accreditation (university_id, faculty_id, department_id, program_id, scope_level, record_key, name, authority, status, valid_from, valid_until, notes, source_id)
    SELECT v_university_id, f.id, NULL, gp.id, 'PROGRAM', a.record_key, a.name, a.authority, a.status, a.valid_from, a.valid_until, a.notes, s.id
    FROM ua_accreditation_seed a
    JOIN university_faculty f ON f.university_id = v_university_id AND f.name = a.faculty_name
    JOIN graduate_program gp ON gp.university_id = v_university_id AND gp.program_key = a.program_key
    JOIN source s ON s.university_id = v_university_id AND s.url = a.source_url
    ON CONFLICT (university_id, record_key) DO UPDATE SET faculty_id = EXCLUDED.faculty_id, program_id = EXCLUDED.program_id, name = EXCLUDED.name, authority = EXCLUDED.authority, status = EXCLUDED.status, valid_from = EXCLUDED.valid_from, valid_until = EXCLUDED.valid_until, notes = EXCLUDED.notes, source_id = EXCLUDED.source_id, updated_at = NOW();

    CREATE TEMP TABLE ua_prog_source_seed (record_key TEXT PRIMARY KEY, program_key TEXT NOT NULL, faculty_name TEXT NOT NULL, source_url TEXT NOT NULL, source_role TEXT NOT NULL, source_order INTEGER NOT NULL, evidence_text TEXT, notes TEXT) ON COMMIT DROP;
    INSERT INTO ua_prog_source_seed VALUES
      ('ua-progsrc-ua-asb-master-accounting-auditing-01', 'ua-asb-master-accounting-auditing', 'Antonine School of Business', 'https://www.ua.edu.lb/en/graduate/programs', 'CATALOG', 1, 'Primary graduate program inventory; lists faculties and graduate programs/options.', 'Primary graduate program inventory; lists faculties and graduate programs/options.'),
      ('ua-progsrc-ua-asb-master-accounting-auditing-02', 'ua-asb-master-accounting-auditing', 'Antonine School of Business', 'https://ua.edu.lb/en/asb/mba-accounting-and-auditing', 'PRIMARY', 2, 'Representative ASB graduate program detail page; confirms language, credits, duration, price, campuses and PLO fields.', 'Representative ASB graduate program detail page; confirms language, credits, duration, price, campuses and PLO fields.'),
      ('ua-progsrc-ua-asb-master-accounting-auditing-03', 'ua-asb-master-accounting-auditing', 'Antonine School of Business', 'https://ua.edu.lb/en/graduate/selection-criteria', 'ADMISSIONS', 3, 'Faculty/program-level graduate admission requirements and selection criteria.', 'Faculty/program-level graduate admission requirements and selection criteria.'),
      ('ua-progsrc-ua-asb-master-accounting-auditing-04', 'ua-asb-master-accounting-auditing', 'Antonine School of Business', 'https://ua.edu.lb/en/graduate/tuition-fees', 'TUITION', 4, 'Graduate per-credit tuition summary and fixed/general fees reference.', 'Graduate per-credit tuition summary and fixed/general fees reference.'),
      ('ua-progsrc-ua-asb-master-marketing-international-management-01', 'ua-asb-master-marketing-international-management', 'Antonine School of Business', 'https://www.ua.edu.lb/en/graduate/programs', 'CATALOG', 1, 'Primary graduate program inventory; lists faculties and graduate programs/options.', 'Primary graduate program inventory; lists faculties and graduate programs/options.'),
      ('ua-progsrc-ua-asb-master-marketing-international-management-02', 'ua-asb-master-marketing-international-management', 'Antonine School of Business', 'https://ua.edu.lb/en/asb/mba-marketing-and-international-management', 'PRIMARY', 2, 'Official ASB graduate program page.', 'Official ASB graduate program page.'),
      ('ua-progsrc-ua-asb-master-marketing-international-management-03', 'ua-asb-master-marketing-international-management', 'Antonine School of Business', 'https://ua.edu.lb/en/graduate/selection-criteria', 'ADMISSIONS', 3, 'Faculty/program-level graduate admission requirements and selection criteria.', 'Faculty/program-level graduate admission requirements and selection criteria.'),
      ('ua-progsrc-ua-asb-master-marketing-international-management-04', 'ua-asb-master-marketing-international-management', 'Antonine School of Business', 'https://ua.edu.lb/en/graduate/tuition-fees', 'TUITION', 4, 'Graduate per-credit tuition summary and fixed/general fees reference.', 'Graduate per-credit tuition summary and fixed/general fees reference.'),
      ('ua-progsrc-ua-asb-master-banking-finance-01', 'ua-asb-master-banking-finance', 'Antonine School of Business', 'https://www.ua.edu.lb/en/graduate/programs', 'CATALOG', 1, 'Primary graduate program inventory; lists faculties and graduate programs/options.', 'Primary graduate program inventory; lists faculties and graduate programs/options.'),
      ('ua-progsrc-ua-asb-master-banking-finance-02', 'ua-asb-master-banking-finance', 'Antonine School of Business', 'https://ua.edu.lb/en/asb/mba-banking-and-finance', 'PRIMARY', 2, 'Official ASB graduate program page.', 'Official ASB graduate program page.'),
      ('ua-progsrc-ua-asb-master-banking-finance-03', 'ua-asb-master-banking-finance', 'Antonine School of Business', 'https://ua.edu.lb/en/graduate/selection-criteria', 'ADMISSIONS', 3, 'Faculty/program-level graduate admission requirements and selection criteria.', 'Faculty/program-level graduate admission requirements and selection criteria.'),
      ('ua-progsrc-ua-asb-master-banking-finance-04', 'ua-asb-master-banking-finance', 'Antonine School of Business', 'https://ua.edu.lb/en/graduate/tuition-fees', 'TUITION', 4, 'Graduate per-credit tuition summary and fixed/general fees reference.', 'Graduate per-credit tuition summary and fixed/general fees reference.'),
      ('ua-progsrc-ua-asb-master-human-resource-management-01', 'ua-asb-master-human-resource-management', 'Antonine School of Business', 'https://www.ua.edu.lb/en/graduate/programs', 'CATALOG', 1, 'Primary graduate program inventory; lists faculties and graduate programs/options.', 'Primary graduate program inventory; lists faculties and graduate programs/options.'),
      ('ua-progsrc-ua-asb-master-human-resource-management-02', 'ua-asb-master-human-resource-management', 'Antonine School of Business', 'https://ua.edu.lb/en/asb/mba-human-resource-management', 'PRIMARY', 2, 'Official ASB graduate program page.', 'Official ASB graduate program page.'),
      ('ua-progsrc-ua-asb-master-human-resource-management-03', 'ua-asb-master-human-resource-management', 'Antonine School of Business', 'https://ua.edu.lb/en/graduate/selection-criteria', 'ADMISSIONS', 3, 'Faculty/program-level graduate admission requirements and selection criteria.', 'Faculty/program-level graduate admission requirements and selection criteria.'),
      ('ua-progsrc-ua-asb-master-human-resource-management-04', 'ua-asb-master-human-resource-management', 'Antonine School of Business', 'https://ua.edu.lb/en/graduate/tuition-fees', 'TUITION', 4, 'Graduate per-credit tuition summary and fixed/general fees reference.', 'Graduate per-credit tuition summary and fixed/general fees reference.'),
      ('ua-progsrc-ua-asb-master-operations-logistics-management-01', 'ua-asb-master-operations-logistics-management', 'Antonine School of Business', 'https://www.ua.edu.lb/en/graduate/programs', 'CATALOG', 1, 'Primary graduate program inventory; lists faculties and graduate programs/options.', 'Primary graduate program inventory; lists faculties and graduate programs/options.'),
      ('ua-progsrc-ua-asb-master-operations-logistics-management-02', 'ua-asb-master-operations-logistics-management', 'Antonine School of Business', 'https://ua.edu.lb/en/asb/mba-operations-and-logistics-management', 'PRIMARY', 2, 'Official ASB graduate program page.', 'Official ASB graduate program page.'),
      ('ua-progsrc-ua-asb-master-operations-logistics-management-03', 'ua-asb-master-operations-logistics-management', 'Antonine School of Business', 'https://ua.edu.lb/en/graduate/selection-criteria', 'ADMISSIONS', 3, 'Faculty/program-level graduate admission requirements and selection criteria.', 'Faculty/program-level graduate admission requirements and selection criteria.'),
      ('ua-progsrc-ua-asb-master-operations-logistics-management-04', 'ua-asb-master-operations-logistics-management', 'Antonine School of Business', 'https://ua.edu.lb/en/graduate/tuition-fees', 'TUITION', 4, 'Graduate per-credit tuition summary and fixed/general fees reference.', 'Graduate per-credit tuition summary and fixed/general fees reference.'),
      ('ua-progsrc-ua-asb-master-digital-marketing-01', 'ua-asb-master-digital-marketing', 'Antonine School of Business', 'https://www.ua.edu.lb/en/graduate/programs', 'CATALOG', 1, 'Primary graduate program inventory; lists faculties and graduate programs/options.', 'Primary graduate program inventory; lists faculties and graduate programs/options.'),
      ('ua-progsrc-ua-asb-master-digital-marketing-02', 'ua-asb-master-digital-marketing', 'Antonine School of Business', 'https://ua.edu.lb/en/asb/mba-digital-marketing', 'PRIMARY', 2, 'Official ASB graduate program page.', 'Official ASB graduate program page.'),
      ('ua-progsrc-ua-asb-master-digital-marketing-03', 'ua-asb-master-digital-marketing', 'Antonine School of Business', 'https://ua.edu.lb/en/graduate/selection-criteria', 'ADMISSIONS', 3, 'Faculty/program-level graduate admission requirements and selection criteria.', 'Faculty/program-level graduate admission requirements and selection criteria.'),
      ('ua-progsrc-ua-asb-master-digital-marketing-04', 'ua-asb-master-digital-marketing', 'Antonine School of Business', 'https://ua.edu.lb/en/graduate/tuition-fees', 'TUITION', 4, 'Graduate per-credit tuition summary and fixed/general fees reference.', 'Graduate per-credit tuition summary and fixed/general fees reference.'),
      ('ua-progsrc-ua-asb-master-general-management-mba-01', 'ua-asb-master-general-management-mba', 'Antonine School of Business', 'https://www.ua.edu.lb/en/graduate/programs', 'CATALOG', 1, 'Primary graduate program inventory; lists faculties and graduate programs/options.', 'Primary graduate program inventory; lists faculties and graduate programs/options.'),
      ('ua-progsrc-ua-asb-master-general-management-mba-02', 'ua-asb-master-general-management-mba', 'Antonine School of Business', 'https://ua.edu.lb/en/asb/mba', 'PRIMARY', 2, 'Official ASB graduate program page.', 'Official ASB graduate program page.'),
      ('ua-progsrc-ua-asb-master-general-management-mba-03', 'ua-asb-master-general-management-mba', 'Antonine School of Business', 'https://ua.edu.lb/en/graduate/selection-criteria', 'ADMISSIONS', 3, 'Faculty/program-level graduate admission requirements and selection criteria.', 'Faculty/program-level graduate admission requirements and selection criteria.'),
      ('ua-progsrc-ua-asb-master-general-management-mba-04', 'ua-asb-master-general-management-mba', 'Antonine School of Business', 'https://ua.edu.lb/en/graduate/tuition-fees', 'TUITION', 4, 'Graduate per-credit tuition summary and fixed/general fees reference.', 'Graduate per-credit tuition summary and fixed/general fees reference.'),
      ('ua-progsrc-ua-fic-master-information-communication-01', 'ua-fic-master-information-communication', 'Faculty of Information and Communication', 'https://www.ua.edu.lb/en/graduate/programs', 'CATALOG', 1, 'Primary graduate program inventory; lists faculties and graduate programs/options.', 'Primary graduate program inventory; lists faculties and graduate programs/options.'),
      ('ua-progsrc-ua-fic-master-information-communication-02', 'ua-fic-master-information-communication', 'Faculty of Information and Communication', 'https://ua.edu.lb/en/fic/ma-in-information-and-communication', 'PRIMARY', 2, 'Official FIC graduate program page.', 'Official FIC graduate program page.'),
      ('ua-progsrc-ua-fic-master-information-communication-03', 'ua-fic-master-information-communication', 'Faculty of Information and Communication', 'https://ua.edu.lb/en/graduate/selection-criteria', 'ADMISSIONS', 3, 'Faculty/program-level graduate admission requirements and selection criteria.', 'Faculty/program-level graduate admission requirements and selection criteria.'),
      ('ua-progsrc-ua-fic-master-information-communication-04', 'ua-fic-master-information-communication', 'Faculty of Information and Communication', 'https://ua.edu.lb/en/graduate/tuition-fees', 'TUITION', 4, 'Graduate per-credit tuition summary and fixed/general fees reference.', 'Graduate per-credit tuition summary and fixed/general fees reference.'),
      ('ua-progsrc-ua-fmm-master-general-musicology-modal-traditions-01', 'ua-fmm-master-general-musicology-modal-traditions', 'Faculty of Music and Musicology', 'https://www.ua.edu.lb/en/graduate/programs', 'CATALOG', 1, 'Primary graduate program inventory; lists faculties and graduate programs/options.', 'Primary graduate program inventory; lists faculties and graduate programs/options.'),
      ('ua-progsrc-ua-fmm-master-general-musicology-modal-traditions-02', 'ua-fmm-master-general-musicology-modal-traditions', 'Faculty of Music and Musicology', 'https://ua.edu.lb/en/fmm/master-in-music-and-musicology-general-musicology-of-modal-traditions', 'PRIMARY', 2, 'Official FMM graduate program page.', 'Official FMM graduate program page.'),
      ('ua-progsrc-ua-fmm-master-general-musicology-modal-traditions-03', 'ua-fmm-master-general-musicology-modal-traditions', 'Faculty of Music and Musicology', 'https://ua.edu.lb/Library/Assets/Gallery/Documents/News/certificate-fmm-master.pdf', 'PDF', 3, 'Official PDF accreditation certificate for Master of Music and Musicology.', 'Official PDF accreditation certificate for Master of Music and Musicology.'),
      ('ua-progsrc-ua-fmm-master-music-education-01', 'ua-fmm-master-music-education', 'Faculty of Music and Musicology', 'https://www.ua.edu.lb/en/graduate/programs', 'CATALOG', 1, 'Primary graduate program inventory; lists faculties and graduate programs/options.', 'Primary graduate program inventory; lists faculties and graduate programs/options.'),
      ('ua-progsrc-ua-fmm-master-music-education-02', 'ua-fmm-master-music-education', 'Faculty of Music and Musicology', 'https://ua.edu.lb/en/fmm/master-in-music-and-musicology-music-education', 'PRIMARY', 2, 'Official FMM graduate program page.', 'Official FMM graduate program page.'),
      ('ua-progsrc-ua-fmm-master-music-education-03', 'ua-fmm-master-music-education', 'Faculty of Music and Musicology', 'https://ua.edu.lb/Library/Assets/Gallery/Documents/News/certificate-fmm-master.pdf', 'PDF', 3, 'Official PDF accreditation certificate for Master of Music and Musicology.', 'Official PDF accreditation certificate for Master of Music and Musicology.'),
      ('ua-progsrc-ua-fmm-master-music-therapy-01', 'ua-fmm-master-music-therapy', 'Faculty of Music and Musicology', 'https://www.ua.edu.lb/en/graduate/programs', 'CATALOG', 1, 'Primary graduate program inventory; lists faculties and graduate programs/options.', 'Primary graduate program inventory; lists faculties and graduate programs/options.'),
      ('ua-progsrc-ua-fmm-master-music-therapy-02', 'ua-fmm-master-music-therapy', 'Faculty of Music and Musicology', 'https://ua.edu.lb/en/fmm/master-in-music-and-musicology-music-therapy', 'PRIMARY', 2, 'Official FMM graduate program page.', 'Official FMM graduate program page.'),
      ('ua-progsrc-ua-fmm-master-music-therapy-03', 'ua-fmm-master-music-therapy', 'Faculty of Music and Musicology', 'https://ua.edu.lb/Library/Assets/Gallery/Documents/News/certificate-fmm-master.pdf', 'PDF', 3, 'Official PDF accreditation certificate for Master of Music and Musicology.', 'Official PDF accreditation certificate for Master of Music and Musicology.'),
      ('ua-progsrc-ua-fmm-master-music-technology-media-01', 'ua-fmm-master-music-technology-media', 'Faculty of Music and Musicology', 'https://www.ua.edu.lb/en/graduate/programs', 'CATALOG', 1, 'Primary graduate program inventory; lists faculties and graduate programs/options.', 'Primary graduate program inventory; lists faculties and graduate programs/options.'),
      ('ua-progsrc-ua-fmm-master-music-technology-media-02', 'ua-fmm-master-music-technology-media', 'Faculty of Music and Musicology', 'https://ua.edu.lb/en/fmm/master-in-music-and-musicology-music-technology-and-media', 'PRIMARY', 2, 'Official FMM graduate program page.', 'Official FMM graduate program page.'),
      ('ua-progsrc-ua-fmm-master-music-technology-media-03', 'ua-fmm-master-music-technology-media', 'Faculty of Music and Musicology', 'https://ua.edu.lb/Library/Assets/Gallery/Documents/News/certificate-fmm-master.pdf', 'PDF', 3, 'Official PDF accreditation certificate for Master of Music and Musicology.', 'Official PDF accreditation certificate for Master of Music and Musicology.'),
      ('ua-progsrc-ua-fmm-master-art-music-mashriq-01', 'ua-fmm-master-art-music-mashriq', 'Faculty of Music and Musicology', 'https://www.ua.edu.lb/en/graduate/programs', 'CATALOG', 1, 'Primary graduate program inventory; lists faculties and graduate programs/options.', 'Primary graduate program inventory; lists faculties and graduate programs/options.'),
      ('ua-progsrc-ua-fmm-master-art-music-mashriq-02', 'ua-fmm-master-art-music-mashriq', 'Faculty of Music and Musicology', 'https://ua.edu.lb/en/fmm/master-in-music-and-musicology-art-music-of-the-mashriq', 'PRIMARY', 2, 'Official FMM graduate program page.', 'Official FMM graduate program page.'),
      ('ua-progsrc-ua-fmm-master-art-music-mashriq-03', 'ua-fmm-master-art-music-mashriq', 'Faculty of Music and Musicology', 'https://ua.edu.lb/Library/Assets/Gallery/Documents/News/certificate-fmm-master.pdf', 'PDF', 3, 'Official PDF accreditation certificate for Master of Music and Musicology.', 'Official PDF accreditation certificate for Master of Music and Musicology.'),
      ('ua-progsrc-ua-fmm-master-european-art-music-01', 'ua-fmm-master-european-art-music', 'Faculty of Music and Musicology', 'https://www.ua.edu.lb/en/graduate/programs', 'CATALOG', 1, 'Primary graduate program inventory; lists faculties and graduate programs/options.', 'Primary graduate program inventory; lists faculties and graduate programs/options.'),
      ('ua-progsrc-ua-fmm-master-european-art-music-02', 'ua-fmm-master-european-art-music', 'Faculty of Music and Musicology', 'https://ua.edu.lb/en/fmm/master-in-music-and-musicology-european-art-music', 'PRIMARY', 2, 'Official FMM graduate program page.', 'Official FMM graduate program page.'),
      ('ua-progsrc-ua-fmm-master-european-art-music-03', 'ua-fmm-master-european-art-music', 'Faculty of Music and Musicology', 'https://ua.edu.lb/Library/Assets/Gallery/Documents/News/certificate-fmm-master.pdf', 'PDF', 3, 'Official PDF accreditation certificate for Master of Music and Musicology.', 'Official PDF accreditation certificate for Master of Music and Musicology.'),
      ('ua-progsrc-ua-fph-master-nursing-sciences-01', 'ua-fph-master-nursing-sciences', 'Faculty of Public Health', 'https://www.ua.edu.lb/en/graduate/programs', 'CATALOG', 1, 'Primary graduate program inventory; lists faculties and graduate programs/options.', 'Primary graduate program inventory; lists faculties and graduate programs/options.'),
      ('ua-progsrc-ua-fph-master-nursing-sciences-02', 'ua-fph-master-nursing-sciences', 'Faculty of Public Health', 'https://ua.edu.lb/en/fph/dns/ms-in-nursing-sciences', 'PRIMARY', 2, 'Official FPH graduate program page.', 'Official FPH graduate program page.'),
      ('ua-progsrc-ua-fph-master-nursing-sciences-03', 'ua-fph-master-nursing-sciences', 'Faculty of Public Health', 'https://ua.edu.lb/en/graduate/selection-criteria', 'ADMISSIONS', 3, 'Faculty/program-level graduate admission requirements and selection criteria.', 'Faculty/program-level graduate admission requirements and selection criteria.'),
      ('ua-progsrc-ua-fph-master-nursing-sciences-04', 'ua-fph-master-nursing-sciences', 'Faculty of Public Health', 'https://ua.edu.lb/en/graduate/tuition-fees', 'TUITION', 4, 'Graduate per-credit tuition summary and fixed/general fees reference.', 'Graduate per-credit tuition summary and fixed/general fees reference.'),
      ('ua-progsrc-ua-fss-master-motricity-education-adapted-physical-activities-01', 'ua-fss-master-motricity-education-adapted-physical-activities', 'Faculty of Sport Sciences', 'https://www.ua.edu.lb/en/graduate/programs', 'CATALOG', 1, 'Primary graduate program inventory; lists faculties and graduate programs/options.', 'Primary graduate program inventory; lists faculties and graduate programs/options.'),
      ('ua-progsrc-ua-fss-master-motricity-education-adapted-physical-activities-02', 'ua-fss-master-motricity-education-adapted-physical-activities', 'Faculty of Sport Sciences', 'https://ua.edu.lb/en/fss/ma-in-sport-sciences-motricity-education-and-adapted-physical-activities', 'PRIMARY', 2, 'Official FSS graduate program page.', 'Official FSS graduate program page.'),
      ('ua-progsrc-ua-fss-master-motricity-education-adapted-physical-activities-03', 'ua-fss-master-motricity-education-adapted-physical-activities', 'Faculty of Sport Sciences', 'https://ua.edu.lb/en/graduate/selection-criteria', 'ADMISSIONS', 3, 'Faculty/program-level graduate admission requirements and selection criteria.', 'Faculty/program-level graduate admission requirements and selection criteria.'),
      ('ua-progsrc-ua-fss-master-motricity-education-adapted-physical-activities-04', 'ua-fss-master-motricity-education-adapted-physical-activities', 'Faculty of Sport Sciences', 'https://ua.edu.lb/en/graduate/tuition-fees', 'TUITION', 4, 'Graduate per-credit tuition summary and fixed/general fees reference.', 'Graduate per-credit tuition summary and fixed/general fees reference.'),
      ('ua-progsrc-ua-fss-master-sports-training-01', 'ua-fss-master-sports-training', 'Faculty of Sport Sciences', 'https://www.ua.edu.lb/en/graduate/programs', 'CATALOG', 1, 'Primary graduate program inventory; lists faculties and graduate programs/options.', 'Primary graduate program inventory; lists faculties and graduate programs/options.'),
      ('ua-progsrc-ua-fss-master-sports-training-02', 'ua-fss-master-sports-training', 'Faculty of Sport Sciences', 'https://ua.edu.lb/en/fss/ma-in-sport-sciences-sports-training', 'PRIMARY', 2, 'Official FSS graduate program page.', 'Official FSS graduate program page.'),
      ('ua-progsrc-ua-fss-master-sports-training-03', 'ua-fss-master-sports-training', 'Faculty of Sport Sciences', 'https://ua.edu.lb/en/graduate/selection-criteria', 'ADMISSIONS', 3, 'Faculty/program-level graduate admission requirements and selection criteria.', 'Faculty/program-level graduate admission requirements and selection criteria.'),
      ('ua-progsrc-ua-fss-master-sports-training-04', 'ua-fss-master-sports-training', 'Faculty of Sport Sciences', 'https://ua.edu.lb/en/graduate/tuition-fees', 'TUITION', 4, 'Graduate per-credit tuition summary and fixed/general fees reference.', 'Graduate per-credit tuition summary and fixed/general fees reference.'),
      ('ua-progsrc-ua-fss-master-sports-management-01', 'ua-fss-master-sports-management', 'Faculty of Sport Sciences', 'https://www.ua.edu.lb/en/graduate/programs', 'CATALOG', 1, 'Primary graduate program inventory; lists faculties and graduate programs/options.', 'Primary graduate program inventory; lists faculties and graduate programs/options.'),
      ('ua-progsrc-ua-fss-master-sports-management-02', 'ua-fss-master-sports-management', 'Faculty of Sport Sciences', 'https://ua.edu.lb/en/fss/ma-in-sport-sciences-sports-management', 'PRIMARY', 2, 'Official FSS graduate program page.', 'Official FSS graduate program page.'),
      ('ua-progsrc-ua-fss-master-sports-management-03', 'ua-fss-master-sports-management', 'Faculty of Sport Sciences', 'https://ua.edu.lb/en/graduate/selection-criteria', 'ADMISSIONS', 3, 'Faculty/program-level graduate admission requirements and selection criteria.', 'Faculty/program-level graduate admission requirements and selection criteria.'),
      ('ua-progsrc-ua-fss-master-sports-management-04', 'ua-fss-master-sports-management', 'Faculty of Sport Sciences', 'https://ua.edu.lb/en/graduate/tuition-fees', 'TUITION', 4, 'Graduate per-credit tuition summary and fixed/general fees reference.', 'Graduate per-credit tuition summary and fixed/general fees reference.'),
      ('ua-progsrc-ua-fss-master-mba-sports-management-esg-01', 'ua-fss-master-mba-sports-management-esg', 'Faculty of Sport Sciences', 'https://www.ua.edu.lb/en/graduate/programs', 'CATALOG', 1, 'Primary graduate program inventory; lists faculties and graduate programs/options.', 'Primary graduate program inventory; lists faculties and graduate programs/options.'),
      ('ua-progsrc-ua-fss-master-mba-sports-management-esg-02', 'ua-fss-master-mba-sports-management-esg', 'Faculty of Sport Sciences', 'https://ua.edu.lb/en/fss/mba-in-sports-management', 'PRIMARY', 2, 'Official FSS graduate program page.', 'Official FSS graduate program page.'),
      ('ua-progsrc-ua-fss-master-mba-sports-management-esg-03', 'ua-fss-master-mba-sports-management-esg', 'Faculty of Sport Sciences', 'https://ua.edu.lb/en/graduate/selection-criteria', 'ADMISSIONS', 3, 'Faculty/program-level graduate admission requirements and selection criteria.', 'Faculty/program-level graduate admission requirements and selection criteria.'),
      ('ua-progsrc-ua-fss-master-mba-sports-management-esg-04', 'ua-fss-master-mba-sports-management-esg', 'Faculty of Sport Sciences', 'https://ua.edu.lb/en/graduate/tuition-fees', 'TUITION', 4, 'Graduate per-credit tuition summary and fixed/general fees reference.', 'Graduate per-credit tuition summary and fixed/general fees reference.'),
      ('ua-progsrc-ua-fot-master-theological-sciences-pastoral-studies-01', 'ua-fot-master-theological-sciences-pastoral-studies', 'Faculty of Theology', 'https://www.ua.edu.lb/en/graduate/programs', 'CATALOG', 1, 'Primary graduate program inventory; lists faculties and graduate programs/options.', 'Primary graduate program inventory; lists faculties and graduate programs/options.'),
      ('ua-progsrc-ua-fot-master-theological-sciences-pastoral-studies-02', 'ua-fot-master-theological-sciences-pastoral-studies', 'Faculty of Theology', 'https://ua.edu.lb/en/fot/ma-in-theological-sciences-and-pastoral-studies', 'PRIMARY', 2, 'Official FOT graduate program page.', 'Official FOT graduate program page.'),
      ('ua-progsrc-ua-fot-master-theological-sciences-pastoral-studies-03', 'ua-fot-master-theological-sciences-pastoral-studies', 'Faculty of Theology', 'https://ua.edu.lb/en/graduate/selection-criteria', 'ADMISSIONS', 3, 'Faculty/program-level graduate admission requirements and selection criteria.', 'Faculty/program-level graduate admission requirements and selection criteria.'),
      ('ua-progsrc-ua-fot-master-theological-sciences-pastoral-studies-04', 'ua-fot-master-theological-sciences-pastoral-studies', 'Faculty of Theology', 'https://ua.edu.lb/en/graduate/tuition-fees', 'TUITION', 4, 'Graduate per-credit tuition summary and fixed/general fees reference.', 'Graduate per-credit tuition summary and fixed/general fees reference.'),
      ('ua-progsrc-ua-fot-master-theological-sciences-pastoral-studies-consecrated-life-01', 'ua-fot-master-theological-sciences-pastoral-studies-consecrated-life', 'Faculty of Theology', 'https://www.ua.edu.lb/en/graduate/programs', 'CATALOG', 1, 'Primary graduate program inventory; lists faculties and graduate programs/options.', 'Primary graduate program inventory; lists faculties and graduate programs/options.'),
      ('ua-progsrc-ua-fot-master-theological-sciences-pastoral-studies-consecrated-life-02', 'ua-fot-master-theological-sciences-pastoral-studies-consecrated-life', 'Faculty of Theology', 'https://ua.edu.lb/en/fot/ma-in-theological-sciences-and-pastoral-studies-theology-of-consecrated-life', 'PRIMARY', 2, 'Official FOT graduate program page.', 'Official FOT graduate program page.'),
      ('ua-progsrc-ua-fot-master-theological-sciences-pastoral-studies-consecrated-life-03', 'ua-fot-master-theological-sciences-pastoral-studies-consecrated-life', 'Faculty of Theology', 'https://ua.edu.lb/en/graduate/selection-criteria', 'ADMISSIONS', 3, 'Faculty/program-level graduate admission requirements and selection criteria.', 'Faculty/program-level graduate admission requirements and selection criteria.'),
      ('ua-progsrc-ua-fot-master-theological-sciences-pastoral-studies-consecrated-life-04', 'ua-fot-master-theological-sciences-pastoral-studies-consecrated-life', 'Faculty of Theology', 'https://ua.edu.lb/en/graduate/tuition-fees', 'TUITION', 4, 'Graduate per-credit tuition summary and fixed/general fees reference.', 'Graduate per-credit tuition summary and fixed/general fees reference.');

    INSERT INTO graduate_program_source (university_id, program_id, source_id, source_role, source_order, evidence_text, notes)
    SELECT v_university_id, gp.id, s.id, ps.source_role, ps.source_order, ps.evidence_text, ps.notes
    FROM ua_prog_source_seed ps
    JOIN graduate_program gp ON gp.university_id = v_university_id AND gp.program_key = ps.program_key
    JOIN source s ON s.university_id = v_university_id AND s.url = ps.source_url
    ON CONFLICT (program_id, source_id, source_role) DO UPDATE SET source_order = EXCLUDED.source_order, evidence_text = EXCLUDED.evidence_text, notes = EXCLUDED.notes, updated_at = NOW();

END $$;
